Symbol,eps,high52,low52,pe,beta,marketcap,price,netprofit,sector,index,price_to_high,price_to_low,low_to_high,mean,sd,cv,mth_returns,qtr_returns,hly_returns,yly_returns,pe_sector_max,pe_sector_min,pe_sector_mean
ZEEL,18.73,488.95,199.15,15.46,0.0,278492745749,289.5,18017855364.0,Media & Entertainment,nifty,-0.40791491972594335,0.45367813206126034,0.4073013600572656,371.55266849315063,129.89732441007015,0.3496067594854718,4.25839005317485,5.1455211113142,3.6912440351611533,0.06934940253200111,15.46,12.17,13.815000000000001
SUNTV,35.58,650.7,389.35,12.17,0.0,171051942296,432.8,14061987308.0,Media & Entertainment,niftynext50,-0.334870139849393,0.11159625016052391,0.5983556170278161,529.4429961643835,103.92191574338443,0.196285372544844,2.447718006562755,2.480913759188321,2.287586388970371,1.922140274639318,15.46,12.17,13.815000000000001
VEDL,0.75,11.42,7.04,11.51,1.34,591144759235,8.63,51374110015.0,Metals,nifty,-0.24430823117337996,0.22585227272727285,0.6164623467600701,17.7665602739726,114.36890992584053,6.437313028644438,0.029375764993880074,-0.08387799564270149,-0.17305801376597835,-0.2635726795096322,11.51,6.35,9.623333333333333
TATASTEEL,76.8,561.65,320.35,6.35,0.0,551232979875,487.8,86786988221.0,Metals,nifty,-0.13148758123386445,0.5227095364445138,0.5703730081011307,460.4116057534246,122.26660584551136,0.26555934802171727,0.08959094659908051,0.28499930487974423,-0.08837163428345993,-0.09991235758106937,11.51,6.35,9.623333333333333
HINDALCO,20.71,221.2,171.1,10.6,0.0,493354129562,219.6,46527158576.0,Metals,nifty,-0.007233273056057841,0.28345996493278786,0.773508137432188,206.25591041095888,105.77979908671271,0.5128570564399806,0.08278812279818831,0.12821185107498698,0.029918621349928193,-0.01578225068618476,11.51,6.35,9.623333333333333
JSWSTEEL,27.87,314.0,201.75,9.94,0.0,664435859500,276.9,66875505252.0,Metals,nifty,-0.11815286624203829,0.3724907063197025,0.642515923566879,272.8138035616438,118.00226994718516,0.43253775434615016,0.04126357354392888,0.1356589147286822,-0.04369900271985498,-0.11002362470469126,11.51,6.35,9.623333333333333
HINDZINC,19.08,291.65,193.05,11.24,0.0,905067258804,214.5,80506682042.0,Metals,niftynext50,-0.2645294016800959,0.11111111111111105,0.6619235384879136,239.51452054794518,27.586997264476164,0.11517880920690941,0.0076226774654597155,-0.02354570637119111,-0.13514618687384997,-0.2208509854485172,11.51,6.35,9.623333333333333
NMDC,16.12,131.65,74.8,8.1,0.0,401102219000,130.55,49527137268.0,Metals,niftynext50,-0.008355488036460268,0.7453208556149735,0.5681731864793012,101.48575342465752,9.597946233392546,0.09457432111905255,0.22607833415964315,0.35136612021857927,0.07615317667536989,0.304324894514768,11.51,6.35,9.623333333333333
SAIL,-0.04,32.25,16.63,,0.0,2105379634,23.6,-3568440.058,Metals,niftynext50,-0.26821705426356585,0.41912206855081197,0.5156589147286822,23.571424657534244,4.101701235363011,0.17401159645443684,-0.04829770387965172,0.23408624229979458,0.1996007984031936,0.04795117698343495,11.51,6.35,9.623333333333333
MARUTI,202.63,7758.7,5446.05,36.11,0.0,2214744627841,7316.45,61337630127.0,Automobile,nifty,-0.05700052843904262,0.34344157692272376,0.7019281580677176,6779.838707397259,628.6340457820869,0.09272109159414146,0.03310877192982451,0.08668822061797833,0.13108015704111176,-0.027506572776155782,41.18,11.07,24.713333333333335
HEROMOTOCO,184.14,3117.3,2225.6,13.19,0.0,485401248000,2428.2,36809894493.0,Automobile,nifty,-0.22105668366855943,0.09103163191948235,0.7139511756969171,2646.616712328767,163.64832845516057,0.06183302920019947,-0.029864507335845426,-0.11324038620083182,-0.07506210586661574,-0.23781179138321995,41.18,11.07,24.713333333333335
BAJAJ-AUTO,178.49,3289.0,2442.2,17.49,0.0,903366521250,3121.75,51651122088.0,Automobile,nifty,-0.050851322590453024,0.278253214314962,0.7425357251444208,2913.5225989041096,204.44063686825592,0.07016957306085564,0.013010713780029234,0.08858833474218089,0.10561651127251505,0.1773202662180941,41.18,11.07,24.713333333333335
TATAMOTORS,-87.72,239.35,106.0,,0.0,639479378734,193.85,-289373903031.0,Automobile,nifty,-0.1900981825778149,0.8287735849056603,0.4428660956757886,171.88752904109592,107.00583923208077,0.6225340478685756,0.07741738066095474,0.4683069224353628,0.04791666666666673,0.030134581626682304,41.18,11.07,24.713333333333335
EICHERMOT,770.15,23450.0,15200.0,28.01,0.0,588917015800,21568.45,21028606122.0,Automobile,nifty,-0.08023667377398717,0.41897697368421055,0.6481876332622601,19853.582406849317,2175.1950188392375,0.10956183998756888,-0.027604940870045613,0.24638328724623995,0.12997763091519632,-0.039217810050105266,41.18,11.07,24.713333333333335
M&M,48.7,772.8,502.55,11.07,0.0,642992314375,539.0,58095966067.0,Automobile,nifty,-0.3025362318840579,0.07253009650781014,0.6502976190476191,620.0826715068494,82.96899615577027,0.13380312008098716,-0.023579650946899452,-0.052603134570347765,-0.2031818181818182,-0.33236003554652793,41.18,11.07,24.713333333333335
ASHOKLEY,4.78,102.3,56.95,17.58,0.0,246589600085,84.1,14015437436.0,Automobile,niftynext50,-0.1779081133919844,0.47673397717295857,0.5566959921798632,81.6317808219178,10.362930777847547,0.12694725845139399,-0.005569306930693105,0.11752433936022236,-0.07749712973593571,-0.22666025024061606,41.18,11.07,24.713333333333335
BOSCHLTD,374.77,19739.95,12700.0,41.18,0.0,454391046117,15433.0,11034285774.0,Automobile,niftynext50,-0.21818444322300717,0.2151968503937008,0.6433653580682829,16518.503150684934,1915.6213738104223,0.11596821796356238,-0.07213892127533297,0.10002928801548701,-0.07166906297002955,-0.21137118436180477,41.18,11.07,24.713333333333335
MOTHERSUMI,4.8,175.6,91.1,31.3,0.0,473708654850,150.2,15138492299.0,Automobile,niftynext50,-0.14464692482915723,0.6487376509330406,0.5187927107061503,129.66479452054796,21.557673013504193,0.16625694810388916,0.10534180052297344,0.37756052141526986,0.17420634920634911,-0.09593644974029952,41.18,11.07,24.713333333333335
NSE:MRF,2543.88,67715.95,,26.49,0.0,285589592744,67400.0,10779015626.0,Automobile,niftynext50,-0.004665813593400035,,,1755.8782531506847,3441.6282394281757,1.9600608602860943,-0.010402705660630267,0.05343540581588249,0.04329438802401716,0.06934940253200111,41.18,11.07,24.713333333333335
DRREDDY,164.97,2991.95,1872.95,17.39,0.0,474828558020,2869.0,27303055844.0,Pharmaceuticals,nifty,-0.04109360116312098,0.5318081102004858,0.6259964237370278,2704.617495068493,130.1047859190333,0.0481046899076346,-0.01937050086821647,0.06503588691958397,0.09550445411228513,0.10910269610647137,112.08,10.55,32.795
CIPLA,20.45,586.0,389.55,23.13,0.0,381305305966,472.95,16487352801.0,Pharmaceuticals,nifty,-0.19291808873720137,0.21409318444358869,0.6647610921501707,510.49972602739723,43.25708386511749,0.08473478370250093,-0.022359210113885673,0.06474738279472018,-0.15824037423533635,-0.09031693564067653,112.08,10.55,32.795
SUNPHARMA,18.04,484.25,,24.09,0.0,1044790820097,434.65,43363686632.0,Pharmaceuticals,nifty,-0.10242643262777495,,,431.29137890410954,65.98561818729128,0.15299544905107432,-0.049584026622296225,0.0664675130694548,0.056864438139879,0.03565816511543576,112.08,10.55,32.795
AUROPHARMA,43.91,838.0,389.35,10.55,0.0,270555978000,463.2,25647912336.0,Pharmaceuticals,niftynext50,-0.447255369928401,0.189675099524849,0.464618138424821,634.988493150685,121.08626049432708,0.19069047990700028,0.04400044898417336,-0.22128265237776293,-0.2442512391322012,-0.35274878218510786,112.08,10.55,32.795
BIOCON,7.21,341.23,211.05,41.04,0.0,350142641229,296.0,8528812308.0,Pharmaceuticals,niftynext50,-0.132549893034024,0.40251125325752185,0.6184977874161123,273.99336986301364,34.41763114307856,0.125614832067966,0.08057499527142029,0.30972031178358544,0.1326328310864393,-0.07060354644542068,112.08,10.55,32.795
CADILAHC,13.51,359.75,206.5,19.02,0.0,262534306822,256.95,13803613486.0,Pharmaceuticals,niftynext50,-0.2857539958304378,0.24430992736077475,0.5740097289784573,275.6093150684932,46.069582439551745,0.16715538960685253,0.02365129007036752,0.08381622516556303,0.08945288121489507,-0.2284914555097229,112.08,10.55,32.795
LUPIN,6.92,888.65,646.3,112.08,0.0,351139382416,776.0,3131294493.0,Pharmaceuticals,niftynext50,-0.12676531817926065,0.20068079839084024,0.727282957294773,775.3143835616438,46.70332779071853,0.06023792255236193,-0.025575934505299203,0.07033809689787389,-0.005763128925726778,-0.07861257801248199,112.08,10.55,32.795
PEL,101.14,2721.47,1284.74,15.06,0.0,341923188306,1522.7,22711046999.0,Pharmaceuticals,niftynext50,-0.44048620782150816,0.18522035586967014,0.4720757531775107,2055.3712328767124,339.74960616293,0.16529841457760114,-0.06463241555492473,-0.045725703695123264,-0.16150127226463099,-0.28765672287073063,112.08,10.55,32.795
HDFC,121.28,2472.75,1820.0,20.37,0.0,4264476503367,2469.9,209399453552.0,Financial Services,nifty,-0.0011525629360023897,0.35708791208791213,0.7360226468506723,2091.9141060273973,140.47749653413038,0.06715261211221575,0.05120083309830126,0.18996512598850632,0.07869896255398726,0.25308402513771444,95.2,8.62,39.54461538461539
BAJFINANCE,85.07,4295.75,2355.0,49.88,0.0,2544378236120,4243.8,51003877786.0,Financial Services,nifty,-0.012093348076587282,0.8020382165605097,0.548216260257231,3331.113840273973,550.9357714233321,0.1653908565844809,0.015042639110861598,0.025287129688963354,0.12462827791294945,0.6203162732725714,95.2,8.62,39.54461538461539
BAJAJFINSV,234.83,9530.95,5855.0,40.56,0.0,1511637528000,9525.0,37268014772.0,Financial Services,nifty,-0.0006242819446121035,0.6268146883005978,0.6143144177652804,7580.527266575343,1029.7782834964867,0.1358452053905361,0.020035521252453052,0.08814843836801989,0.09189008396852501,0.44494141216483785,95.2,8.62,39.54461538461539
ABCAPITAL,4.53,114.6,75.5,23.59,0.0,246358356000,106.8,10449469594.0,Financial Services,niftynext50,-0.06806282722513086,0.41456953642384103,0.6588132635253054,92.53767123287672,7.8828239394726465,0.08518502610288341,-0.11259806183664042,0.0719063545150502,0.044541010320478094,-0.009783728115344888,95.2,8.62,39.54461538461539
GICRE,15.72,334.05,156.0,15.62,0.0,431024667750,245.5,27599624346.0,Financial Services,niftynext50,-0.2650800778326598,0.5737179487179487,0.46699595868881905,232.1046575342466,28.701047010231065,0.12365562722926524,-0.08128321196614842,0.0810560444650301,0.023684210526315815,-0.09341619731986787,95.2,8.62,39.54461538461539
HDFCLIFE,6.65,646.4,,95.2,0.0,1279850221353,633.0,13445503905.0,Financial Services,niftynext50,-0.020730198019801947,,,473.1164383561644,87.98427012585859,0.18596747648751868,0.03104082998661304,0.05813154731238198,0.31235356762513306,0.6012214137214136,95.2,8.62,39.54461538461539
ICICIGI,23.82,1440.4,806.95,57.18,0.0,618389960000,1362.0,10815013838.0,Financial Services,niftynext50,-0.05442932518744799,0.6878369167854265,0.5602263260205499,1119.5243835616438,157.20637880701622,0.14042246968027744,0.04554558267190868,0.17092419522326063,0.2772416292873001,0.7017808632659222,95.2,8.62,39.54461538461539
ICICIPRULI,7.97,537.3,277.35,60.97,0.0,697536884072,485.8,11443740152.0,Financial Services,niftynext50,-0.0958496184626837,0.7515774292410311,0.5161920714684535,395.5160273972602,64.97998794774357,0.16429166821722,0.01197183098591547,0.09670737025730476,0.28714011516314775,0.5646290247316845,95.2,8.62,39.54461538461539
L&TFH,9.24,155.9,78.6,13.11,0.0,242063881142,121.15,18461991430.0,Financial Services,niftynext50,-0.22289929441949968,0.541348600508906,0.5041693393200769,118.22945205479452,20.554978226544165,0.17385666489444418,0.12445308701993206,0.24154589371980675,-0.014486578610992661,-0.25072886297376085,95.2,8.62,39.54461538461539
LICHSGFIN,53.03,587.0,,8.62,0.0,230253908841,457.0,26718522507.0,Financial Services,niftynext50,-0.22146507666098808,,,474.707808219178,55.42024875663385,0.11674602312638956,-0.017664601972929544,0.08638843080045672,-0.2424590888987174,-0.11974509199301059,95.2,8.62,39.54461538461539
NIACL,3.67,219.0,,39.52,0.0,239124810058,145.0,6052331399.0,Financial Services,niftynext50,-0.3378995433789954,,,152.9990410958904,29.276696072948948,0.19135215399552807,-0.04127829560585878,0.36234626300851464,-0.031607262945527834,-0.18205055381993757,95.2,8.62,39.54461538461539
SBILIFE,12.24,1030.0,515.55,79.23,0.0,971046770455,969.75,12256367590.0,Financial Services,niftynext50,-0.05849514563106796,0.8810008728542336,0.5005339805825242,747.6960273972602,138.8846296503468,0.18575012379536915,0.03947025392356213,0.18314540059347176,0.35453186574262807,0.7340175698008174,95.2,8.62,39.54461538461539
SRTRANSFIN,113.52,1297.0,,10.23,0.0,263410814700,1161.0,25755724104.0,Financial Services,niftynext50,-0.10485736314572089,,,1104.6097260273973,78.00495228541727,0.07061765838868102,0.042361484669176976,0.0617808219178083,0.10240364101834731,-0.04704725216179654,95.2,8.62,39.54461538461539
BPCL,33.37,549.0,308.35,14.59,0.0,1057724605788,486.85,72499271018.0,Energy - Oil & Gas,nifty,-0.11320582877959923,0.5788876276958002,0.5616575591985429,413.6513709589042,134.3093426862549,0.3246921250977756,-0.007349239907379397,0.04938271604938269,0.3104731525784158,0.34570765661252895,21.78,6.27,12.421666666666667
GAIL,13.28,183.25,110.45,9.29,0.0,557697212413,123.4,60017982017.0,Energy - Oil & Gas,nifty,-0.32660300136425646,0.11724762335898599,0.6027285129604366,165.59968684931508,145.45394103890249,0.8783467155421381,-0.035200000000000044,-0.10100633619083124,-0.22865366165653983,-0.3174872665534805,21.78,6.27,12.421666666666667
ONGC,20.42,178.9,115.55,6.27,0.0,1610906880000,128.1,256789371504.0,Energy - Oil & Gas,nifty,-0.28395751816657355,0.10861099091302465,0.645891559530464,146.15369863013697,15.410974385866083,0.10544361538783756,-0.042994241842610324,-0.052091254752851666,-0.22577639751552792,-0.14972714870395626,21.78,6.27,12.421666666666667
IOC,,21.1,14.7,,0.0,4016901170500,20.3,0.0,Energy - Oil & Gas,nifty,-0.03791469194312799,0.38095238095238104,0.6966824644549762,29.511963287671236,134.83890157570386,4.568957349985369,0.03946053946053942,0.07991696938245973,0.25361445783132514,0.43517241379310334,21.78,6.27,12.421666666666667
RELIANCE,70.42,1617.55,,21.78,0.0,9732250324294,1534.1,446740804274.0,Energy - Oil & Gas,nifty,-0.05159036814936172,,,1320.612255068493,118.61243433783334,0.08981624536846476,0.007146290658548368,0.20041251289102796,0.2384442605508927,0.43069149178312943,21.78,6.27,12.421666666666667
HINDPETRO,35.17,333.5,211.2,7.65,0.0,409755726499,268.9,53592818524.0,Energy - Oil & Gas,niftynext50,-0.19370314842578717,0.2732007575757575,0.6332833583208396,273.27164383561643,27.13052083832715,0.09928040998885057,-0.08102971665514855,-0.1304561059342816,-0.058750663599363026,0.0687160940325497,21.78,6.27,12.421666666666667
OIL,,13.59,9.2,,0.0,32028198722,12.58,0.0,Energy - Oil & Gas,niftynext50,-0.07431935246504781,0.3673913043478262,0.6769683590875644,11.648520547945209,0.7988699205354852,0.06858123460806405,0.05050505050505047,0.07865168539325844,0.05762711864406777,0.28263103802672146,21.78,6.27,12.421666666666667
PETRONET,18.02,299.0,208.05,14.95,0.0,404099721444,269.4,27029981368.0,Energy - Oil & Gas,niftynext50,-0.09899665551839472,0.2948810382119681,0.695819397993311,246.52739726027397,19.155153077901318,0.07769989579567117,0.029956936903201645,0.055854126679462615,0.10862555421201135,0.23562443845462722,21.78,6.27,12.421666666666667
ASIANPAINT,26.94,1834.8,1291.25,66.44,0.0,1718835240750,1789.8,25871841203.0,Consumer Goods,nifty,-0.024525833878351864,0.3860987415295256,0.703755177676041,1529.6964594520548,157.24724009711636,0.10279636794965397,0.056861369350406366,0.01759274897258346,0.3351183661410053,0.32615553925165075,106.49,21.01,58.69923076923077
TITAN,16.17,1389.95,920.2,71.5,0.0,1025703551794,1156.0,14347427710.0,Consumer Goods,nifty,-0.16831540702902986,0.25624864159965216,0.6620382028130508,1143.3668989041096,115.97651187008242,0.10143420452458715,0.03687505359746163,-0.058370001168178844,-0.08623035066505451,0.3598380475735252,106.49,21.01,58.69923076923077
HINDUNILVR,30.55,2190.0,1650.0,63.53,0.0,4201465308000,1941.0,66128163400.0,Consumer Goods,nifty,-0.1136986301369863,0.17636363636363636,0.7534246575342466,1841.46402,140.15086750803079,0.07610839309693967,-0.05244491947433615,-0.030086031130339648,0.09560723514211888,0.08863585621790589,106.49,21.01,58.69923076923077
NSE:ITC,11.44,310.0,234.05,21.01,0.0,2946791929501,240.3,140288388154.0,Consumer Goods,nifty,-0.2248387096774193,0.02670369579149754,0.755,1571.8790750684932,98.37165761409344,0.06258220442931145,-0.010402705660630267,0.05343540581588249,0.04329438802401716,0.06934940253200111,106.49,21.01,58.69923076923077
BRITANNIA,52.13,3583.75,2300.0,58.61,0.0,734869389994,3055.25,12538660110.0,Consumer Goods,nifty,-0.14747122427624695,0.3283695652173913,0.641785838855947,2953.23786520548,225.5276913625065,0.07636624669473238,0.011963014483266568,0.025438625584557818,0.1294040291501525,0.0009226436167630956,106.49,21.01,58.69923076923077
DMART,17.16,2010.0,1226.0,106.49,0.0,1145121338660,1826.95,10755785419.0,Consumer Goods,niftynext50,-0.09106965174129351,0.4901712887438826,0.609950248756219,1551.363698630137,215.43081614411736,0.13886544872381892,0.07604073410922105,0.01506954157979465,0.34855019108726903,0.23683956651767052,106.49,21.01,58.69923076923077
COLPAL,29.51,1642.6,,49.52,0.0,397085332239,1461.45,8018056146.0,Consumer Goods,niftynext50,-0.11028247899671245,,,1301.0402739726028,138.22020581875537,0.10623822227786471,-0.012216346475667715,-0.044793992944298686,0.30507650128239144,0.13324117805168376,106.49,21.01,58.69923076923077
DABUR,8.48,487.7,357.55,54.23,0.0,813025697085,460.1,14984694439.0,Consumer Goods,niftynext50,-0.056592167315972865,0.2868130331422179,0.7331351240516711,430.07602739726025,26.237202342365844,0.061005963297113976,-0.0037817396002160996,0.031089241780362282,0.14747977598008713,0.09086606720302881,106.49,21.01,58.69923076923077
GODREJCP,21.33,824.4,,32.02,0.0,698442204479,682.8,21818647073.0,Consumer Goods,niftynext50,-0.17176128093158663,,,683.6298630136987,49.21544311880512,0.07199135933273139,-0.005836298932384374,0.008884073672806034,0.0505415162454874,-0.126235456024021,106.49,21.01,58.69923076923077
HAVELLS,12.03,806.85,622.65,54.38,0.0,409777168646,654.0,7537644249.0,Consumer Goods,niftynext50,-0.1894404164342815,0.050349313418453424,0.7717047778397471,710.4435616438356,45.02125336116982,0.06337062617190721,-0.031086924109139737,-0.08959092182684217,-0.1743218346991931,-0.040386887182516276,106.49,21.01,58.69923076923077
MARICO,9.3,404.0,324.25,36.28,0.0,434686075570,337.5,11978016305.0,Consumer Goods,niftynext50,-0.1646039603960396,0.040863531225905934,0.8025990099009901,366.9408219178082,17.31713693006007,0.04719326903873064,-0.03924646781789639,-0.1392405063291139,-0.09088453747467921,-0.08470428280081571,106.49,21.01,58.69923076923077
PGHH,126.89,12774.9,9711.35,88.98,0.0,366514215340,11291.0,4118943299.0,Consumer Goods,niftynext50,-0.11615746502908043,0.16266018627688217,0.7601899036391675,10756.019726027396,615.7449217079891,0.05724654076433224,0.02112878730855914,-0.04853748091917984,0.07052341342047604,0.1858911731131153,106.49,21.01,58.69923076923077
MCDOWELL-N,9.87,674.0,496.8,60.1,0.0,431405015056,593.3,7176752905.0,Consumer Goods,niftynext50,-0.11973293768546,0.19424315619967783,0.7370919881305639,583.0012328767124,34.89152513513431,0.05984811552278971,-0.025463535228677454,-0.11349325337331341,0.0052703162189729836,-0.06380620645978478,106.49,21.01,58.69923076923077
INFRATEL,16.8,335.0,176.35,15.12,0.0,469151843641,254.1,31018303712.0,Telecommunication,nifty,-0.24149253731343284,0.4408846044797278,0.5264179104477612,280.5277317808219,114.37851394338686,0.4077262280534586,0.09434773264560493,-0.0077942322681217,-0.04159608507434588,-0.03046458492003057,15.12,15.12,15.12
BHARTIARTL,-50.65,485.6,268.84,,0.0,2335880618672,455.3,-259855816683.0,Telecommunication,nifty,-0.06239703459637564,0.693572385061747,0.5536243822075781,348.2160454794521,77.85632993322419,0.2235862791044717,0.051925523302879584,0.30277857347464904,0.30502152080344336,0.5460448040248835,15.12,15.12,15.12
NSE:IDEA,-26.64,22.92,2.4,,0.0,175285883430,6.1,-765510808947.0,Telecommunication,niftynext50,-0.7338568935427574,1.5416666666666665,0.10471204188481674,1571.2374312328768,107.37845703250134,0.0683400579047092,-0.010402705660630267,0.05343540581588249,0.04329438802401716,0.06934940253200111,15.12,15.12,15.12
AXISBANK,18.03,827.75,603.65,41.92,0.0,2134686992750,756.0,50910590581.0,Banking,nifty,-0.08668076109936575,0.2523813468069246,0.7292660827544548,729.0285679452054,75.06711798401724,0.10296869187938239,-0.012097042206713223,0.06073365686554375,-0.08304028626071944,0.19959644874899107,81.81,24.36,36.985
KOTAKBANK,43.04,1734.8,1198.0,38.84,0.0,3197702716535,1671.5,82338692743.0,Banking,nifty,-0.03648835600645605,0.3952420701168614,0.6905695181000692,1455.912914520548,139.08812481529853,0.09553327223634261,0.06264023934181003,0.037359294189230355,0.15102619497704567,0.3659415935584665,81.81,24.36,36.985
INDUSINDBK,62.92,1834.4,1188.05,24.36,0.0,1059455289665,1533.0,43483970532.0,Banking,nifty,-0.16430440470998695,0.29034973275535547,0.6476504579153947,1492.221979178082,126.80782094964276,0.08497919392628749,-0.012929612771291071,0.010467314964883847,0.04373604910714289,-0.03864563590221343,81.81,24.36,36.985
HDFCBANK,44.6,1305.5,1011.0,28.83,0.0,7042686059284,1286.0,244248676706.0,Banking,nifty,-0.01493680582152432,0.27200791295746785,0.7744159325928763,1163.9462191780822,74.49668178241444,0.06400354290855474,0.02145013921022716,0.04677704549107864,0.04797309258275811,0.22731299119847717,81.81,24.36,36.985
ICICIBANK,6.61,552.2,,81.81,0.0,3497252004555,540.8,42745628236.0,Banking,nifty,-0.020644693951467022,,,421.45498493150683,73.3545063995032,0.17405063179268002,0.05991775993734084,0.2050311665182546,0.23302961275626413,0.5211465505128563,81.81,24.36,36.985
SBIN,13.77,373.8,244.35,24.61,0.0,3029025655724,338.8,123110045098.0,Banking,nifty,-0.09363295880149812,0.386535706977696,0.6536918138041733,315.4336202739727,98.69167239899309,0.3128761997952963,-0.00923994038748144,0.18207681365576098,-0.08062508643341179,0.13003569607343193,81.81,24.36,36.985
YESBANK,-4.16,286.0,29.0,,0.0,120637276354,47.4,-10587575309.0,Banking,nifty,-0.8342657342657342,0.6344827586206896,0.10139860139860139,132.04273972602738,73.88036156254664,0.559518544645767,-0.2137767220902613,0.018461538461538432,-0.5451213925790197,-0.7233212594037336,81.81,24.36,36.985
BANDHANBNK,19.2,650.0,397.0,25.99,0.0,803989075660,499.1,30928852440.0,Banking,niftynext50,-0.23215384615384613,0.2571788413098237,0.6107692307692307,520.8976712328767,52.05134408383182,0.09992623687611252,-0.074074074074074,0.00982259196151143,-0.07653528872593951,-0.07628128724672233,81.81,24.36,36.985
BANKBARODA,3.54,144.0,85.65,29.52,0.0,482623981053,104.45,16357002326.0,Banking,niftynext50,-0.27465277777777775,0.21949795680093398,0.5947916666666667,110.08136986301369,13.176601019694642,0.1196987377254819,-0.00200200200200203,0.0483701366982125,-0.17773195876288658,-0.15293118096856415,81.81,24.36,36.985
WIPRO,16.54,301.6,232.2,15.01,0.0,1412666243168,248.35,94082946092.0,Information Technology,nifty,-0.17655835543766588,0.0695521102497847,0.7698938992042439,275.2877115068493,121.68100450890464,0.4420139345953957,0.06861713323510832,0.07290786136939983,-0.09982269503546101,0.037774416417971385,24.98,15.01,18.066666666666666
NSE:INFY,35.91,847.0,,20.49,0.0,3114701191050,735.75,152020278315.0,Information Technology,nifty,-0.13134592680047225,,,16.918320273972604,90.3901743067952,5.342739281620812,0.0425531914893617,-0.07547169811320768,-0.03831775700934581,0.09701492537313415,24.98,15.01,18.066666666666666
NSE:TCS,86.35,2296.2,1808.0,24.98,0.0,8087373737963,2157.0,323757404855.0,Information Technology,nifty,-0.06062189704729546,0.19303097345132744,0.7873878582005053,1577.1303079452052,75.99186022184634,0.04818362809909715,-0.010402705660630267,0.05343540581588249,0.04329438802401716,0.06934940253200111,24.98,15.01,18.066666666666666
HCLTECH,37.4,593.8,,15.35,0.0,1558730568868,574.0,101561887240.0,Information Technology,nifty,-0.033344560458066615,,,546.1422049315069,108.23412369106477,0.19817938023053666,-0.6639057035781931,0.0968628129022344,0.08845677247164255,0.21117946542214694,24.98,15.01,18.066666666666666
TECHM,49.58,846.5,607.15,15.45,0.0,739366256600,766.0,47856108358.0,Information Technology,nifty,-0.09509746012994684,0.26163221609157544,0.7172474896633195,746.436386849315,67.12298133886553,0.08992458369049983,0.016173389209009983,0.10173221638506331,0.10118498545377147,0.11880902602552101,24.98,15.01,18.066666666666666
OFSS,159.08,3938.95,2336.2,17.12,0.0,233788774380,2723.0,13658141105.0,Information Technology,niftynext50,-0.3086990187740387,0.165568016436949,0.5931022226735552,3303.7132876712326,259.073813267919,0.07841897607601976,-0.007178430362356205,-0.048534421750794185,-0.08542681769284313,-0.1885579541307583,24.98,15.01,18.066666666666666
NSE:LT,67.26,1607.0,1201.1,20.0,0.0,1887599900000,1344.9,94401047865.0,Construction,nifty,-0.16309894212818912,0.11972358671218067,0.747417548226509,1574.9053764383564,70.54911271832484,0.04479577870123946,-0.010402705660630267,0.05343540581588249,0.04329438802401716,0.06934940253200111,33.18,20.0,26.59
DLF,7.05,235.15,132.55,33.18,0.0,578477020000,233.85,17439653586.0,Construction,niftynext50,-0.00552838613650866,0.764239909468125,0.5636827556878589,181.2690410958904,19.476943038577772,0.10744770822875688,0.032947057486934786,0.4354278497000317,0.1912997903563941,0.27984234234234245,33.18,20.0,26.59
NTPC,13.83,145.85,106.67,8.75,0.0,1201198128645,121.0,137293967927.0,Energy - Power,nifty,-0.17038052793966402,0.13433955188900346,0.7313678436750086,132.22762,105.1953115227073,0.7955623153672985,-0.01757393913416212,-0.020931225971806945,-0.19607155384075772,-0.05515706158792985,9.74,8.05,8.846666666666668
POWERGRID,20.04,216.25,172.5,9.74,0.0,1021206352034,195.2,104841061961.0,Energy - Power,nifty,-0.0973410404624278,0.13159420289855067,0.7976878612716763,199.50637150684932,73.52343741928887,0.3685267636515795,-0.04423868312757199,-0.062089853609288155,-0.10263221444095628,-0.04864311315924219,9.74,8.05,8.846666666666668
NHPC,2.98,26.3,20.85,8.05,0.0,242085226831,24.0,30058915665.0,Energy - Power,niftynext50,-0.08745247148288976,0.1510791366906474,0.7927756653992396,23.95972602739726,0.9716924238817758,0.04055523935334959,-0.006263048016701403,0.03930131004366822,-0.044176706827309155,-0.0881226053639847,9.74,8.05,8.846666666666668
UPL,,4.0,1.31,,0.0,8374652,1.42,0.0,Chemicals,nifty,-0.645,0.08396946564885487,0.3275,23.540993698630135,184.23221723831094,7.826017015119949,0.09022556390977435,-0.25641025641025644,-0.18539325842696633,-0.5396825396825397,66.19,66.19,66.19
PIDILITIND,21.09,1493.5,1046.2,66.19,0.0,710631129886,1396.0,10735824161.0,Chemicals,niftynext50,-0.06528289253431536,0.33435289619575603,0.7005021760964179,1258.5445205479452,98.2297335906408,0.07805026519671592,0.05476409313725491,-0.06751083423618638,0.14144805006423794,0.24737318840579703,66.19,66.19,66.19
GRASIM,64.82,959.8,633.6,11.81,0.0,503194230814,765.3,42619953014.0,Cement,nifty,-0.20264638466347157,0.20785984848484837,0.6601375286518025,809.4302284931507,105.51288219917657,0.13035451171078843,-0.06156374439036715,0.02111416781292988,-0.1930978260869565,-0.0938663411657003,61.25,11.81,36.522000000000006
ULTRACEMCO,109.96,4904.95,3332.45,38.53,0.0,1222420300990,4237.0,31724648642.0,Cement,nifty,-0.13617875819325373,0.27143693078665854,0.6794054985269983,4161.454696712329,356.2330527972112,0.0856030111486365,-0.007525195424097711,-0.07127174271640321,-0.09825146631614982,0.021470934160806834,61.25,11.81,36.522000000000006
ACC,0.77,50.94,39.91,61.25,0.34,6462156982,47.03,105801847.2,Cement,niftynext50,-0.07675696898311733,0.17840140315710362,0.7834707499018453,46.76372602739727,1.8313291941269798,0.03916131903292023,-0.023384353741496628,-0.04351447012283996,-0.00476603119584053,0.12350207874786004,61.25,11.81,36.522000000000006
AMBUJACEM,12.47,244.0,184.1,16.46,0.0,408162241071,205.2,24804011434.0,Cement,niftynext50,-0.159016393442623,0.11461162411732752,0.7545081967213114,211.91178082191777,12.150671277174956,0.057338347259635825,-0.012730903644533257,-0.044916686790630336,-0.0713782578069969,-0.10560832202623245,61.25,11.81,36.522000000000006
SHREECEM,389.49,22399.9,14855.0,54.56,0.0,766697684630,21249.5,14053087423.0,Cement,niftynext50,-0.05135737213112565,0.43046112420060584,0.6631726034491225,19102.82616438356,1766.2815705327512,0.09246179362852136,-0.03522838803508566,0.05037205307060215,-0.05451568653480233,0.18883185109915696,61.25,11.81,36.522000000000006
ADANIPORTS,23.04,430.6,,16.6,0.0,779074945751,382.5,46927808497.0,Infrastructure,nifty,-0.11170459823502095,,,381.8550684931507,24.65699014399972,0.06457159319974298,-0.009449244060475162,-0.10205580029368586,-0.11215970961887482,-0.025627406718895324,16.6,16.6,16.6
COALINDIA,30.3,271.45,177.7,6.96,0.0,1300950418861,210.95,186863226791.0,Energy & Mining,nifty,-0.22287714127832015,0.1871131119864941,0.6546325290108675,226.30142767123286,73.49976106086471,0.3247869967822033,-0.0025284450063211127,-0.010534236267870551,-0.2086258776328987,-0.20157862780813604,6.96,6.96,6.96
NESTLEIND,190.67,15146.9,10031.65,77.25,0.0,1419808103190,14729.0,18379714240.0,Food Processing,nifty,-0.027589803854253983,0.46825297932045085,0.6622906337270332,12067.101153150687,1652.9660354199218,0.13698120322695206,0.0005576822450497345,0.05760903579823741,0.22443391258557135,0.3493437820622932,77.25,77.25,77.25
ABB,0.67,24.21,17.71,35.93,1.17,52230685650,24.09,1452659169.0,Industrial Manufacturing,niftynext50,-0.004956629491945518,0.36024844720496885,0.73151590251962,19.805616438356164,1.337485345967367,0.06753060931631251,0.08909090909090912,0.2325102880658436,0.19620569146280575,0.28265524625267674,49.05,15.08,30.2475
NSE:BEL,6.86,122.1,72.5,15.08,0.0,251460105219,103.5,16666824365.0,Industrial Manufacturing,niftynext50,-0.1523341523341523,0.42758620689655175,0.5937755937755939,1571.504280547945,103.55207679392556,0.06589360148469943,-0.010402705660630267,0.05343540581588249,0.04329438802401716,0.06934940253200111,49.05,15.08,30.2475
BHEL,2.17,78.85,41.3,20.93,0.0,158085710913,45.35,7564409982.0,Industrial Manufacturing,niftynext50,-0.42485732403297394,0.09806295399515749,0.5237793278376665,61.29150684931507,9.716769632790204,0.15853370446053552,-0.17570093457943922,-0.11799999999999997,-0.3963039014373716,-0.38364779874213834,49.05,15.08,30.2475
SIEMENS,30.88,1717.45,935.7,49.05,0.0,539275859500,1514.9,10992698225.0,Industrial Manufacturing,niftynext50,-0.11793647558880896,0.6190018168216309,0.5448193542752336,1251.386301369863,205.72565270852587,0.1643981978093598,0.02634045116808348,0.016036579304860705,0.15242962907287005,0.47975679197027443,49.05,15.08,30.2475
CONCOR,9.04,666.0,460.0,63.23,0.0,348424987764,571.85,5508021141.0,Services - Transport & Logistics,niftynext50,-0.14136636636636632,0.24315217391304353,0.6906906906906907,534.504493150685,37.83547496230456,0.07078607466754851,0.04433276496455182,-0.015732047703628443,0.006486766995329528,0.1144843702114618,63.23,55.54,59.385
INDIGO,23.97,1898.85,1046.65,55.54,0.0,511702711851,1331.0,9215262211.0,Services - Transport & Logistics,niftynext50,-0.2990494246517629,0.27167630057803455,0.5512020433420228,1464.09301369863,204.36055642607477,0.13958167583206602,-0.0797891161276626,-0.29779133815746844,-0.17756625134400103,0.12462702702702695,63.23,55.54,59.385
